<?xml version="1.0" encoding="UTF-8"?>
<project-private xmlns="http://www.netbeans.org/ns/project-private/1">
    <editor-bookmarks xmlns="http://www.netbeans.org/ns/editor-bookmarks/2" lastBookmarkId="0"/>
    <open-files xmlns="http://www.netbeans.org/ns/projectui-open-files/2">
        <group>
            <file>file:/C:/Users/johnn/OneDrive/Documents/NetBeansProjects/Collection_Manage/src/login.java</file>
            <file>file:/C:/Users/johnn/OneDrive/Documents/NetBeansProjects/Collection_Manage/src/Database.java</file>
            <file>file:/C:/Users/johnn/OneDrive/Documents/NetBeansProjects/Collection_Manage/src/login2.java</file>
            <file>file:/C:/Users/johnn/OneDrive/Documents/NetBeansProjects/Collection_Manage/src/home.java</file>
            <file>file:/C:/Users/johnn/OneDrive/Documents/NetBeansProjects/Collection_Manage/src/gPay.java</file>
            <file>file:/C:/Users/johnn/OneDrive/Documents/NetBeansProjects/Collection_Manage/src/Project/ConnectionProvider.java</file>
            <file>file:/C:/Users/johnn/OneDrive/Documents/NetBeansProjects/Collection_Manage/src/DefaultBarDataset.java</file>
            <file>file:/C:/Users/johnn/OneDrive/Documents/NetBeansProjects/Collection_Manage/src/officialReceipt.java</file>
            <file>file:/C:/Users/johnn/OneDrive/Documents/NetBeansProjects/Collection_Manage/src/signUp.java</file>
        </group>
    </open-files>
</project-private>
